id,title,description,document_type,file_url,source,source_id,doi,publication_date,created_at
1,"Climate and atmospheric history of the past 420,000 years from the Vostok ice core, Antarctica","",Research Paper,https://doi.org/10.1038/20859,OpenAlex,https://openalex.org/W2161480748,https://doi.org/10.1038/20859,1999-06-01,2026-09-18 05:51:34.501816
2,Large losses of total ozone in Antarctica reveal seasonal ClOx/NOx interaction,"",Research Paper,https://doi.org/10.1038/315207a0,OpenAlex,https://openalex.org/W2055698954,https://doi.org/10.1038/315207a0,1985-05-01,2026-09-18 05:51:34.501841
3,Contribution of Antarctica to past and future sea-level rise,"",Research Paper,https://doi.org/10.1038/nature17145,OpenAlex,https://openalex.org/W2320249130,https://doi.org/10.1038/nature17145,2016-03-29,2026-09-18 05:51:34.501844
4,Ice-Shelf Melting Around Antarctica,"We compare the volume flux divergence of Antarctic ice shelves in 2007 and 2008 with 1979 to 2010 surface accumulation and 2003 to 2008 thinning to determine their rates of melting and mass balance. Basal melt of 1325 ± 235 gigatons per year (Gt/year) exceeds a calving flux of 1089 ± 139 Gt/year, making ice-shelf melting the largest ablation process in Antarctica. The giant cold-cavity Ross, Filchner, and Ronne ice shelves covering two-thirds of the total ice-shelf area account for only 15% of net melting. Half of the meltwater comes from 10 small, warm-cavity Southeast Pacific ice shelves occupying 8% of the area. A similar high melt/area ratio is found for six East Antarctic ice shelves, implying undocumented strong ocean thermal forcing on their deep grounding lines.",Research Paper,https://doi.org/10.1126/science.1235798,OpenAlex,https://openalex.org/W2003371436,https://doi.org/10.1126/science.1235798,2013-06-14,2026-09-18 05:51:34.501845
5,"Bedmap2: improved ice bed, surface and thickness datasets for Antarctica","Abstract. We present Bedmap2, a new suite of gridded products describing surface elevation, ice-thickness and the seafloor and subglacial bed elevation of the Antarctic south of 60° S. We derived these products using data from a variety of sources, including many substantial surveys completed since the original Bedmap compilation (Bedmap1) in 2001. In particular, the Bedmap2 ice thickness grid is made from 25 million measurements, over two orders of magnitude more than were used in Bedmap1. In most parts of Antarctica the subglacial landscape is visible in much greater detail than was previously available and the improved data-coverage has in many areas revealed the full scale of mountain ranges, valleys, basins and troughs, only fragments of which were previously indicated in local surveys. The derived statistics for Bedmap2 show that the volume of ice contained in the Antarctic ice sheet (27 million km3) and its potential contribution to sea-level rise (58 m) are similar to those of Bedmap1, but the mean thickness of the ice sheet is 4.6% greater, the mean depth of the bed beneath the grounded ice sheet is 72 m lower and the area of ice sheet grounded on bed below sea level is increased by 10%. The Bedmap2 compilation highlights several areas beneath the ice sheet where the bed elevation is substantially lower than the deepest bed indicated by Bedmap1. These products, along with grids of data coverage and uncertainty, provide new opportunities for detailed modelling of the past and future evolution of the Antarctic ice sheets.",Research Paper,https://doi.org/10.5194/tc-7-375-2013,OpenAlex,https://openalex.org/W2102213705,https://doi.org/10.5194/tc-7-375-2013,2013-02-28,2026-09-18 05:51:34.501847
6,One-to-one coupling of glacial climate variability in Greenland and Antarctica,"",Research Paper,https://doi.org/10.1038/nature05301,OpenAlex,https://openalex.org/W2076850342,https://doi.org/10.1038/nature05301,2006-11-01,2026-09-18 05:51:34.501849
7,Rapid Cenozoic glaciation of Antarctica induced by declining atmospheric CO2,"",Research Paper,https://doi.org/10.1038/nature01290,OpenAlex,https://openalex.org/W2025865560,https://doi.org/10.1038/nature01290,2003-01-01,2026-09-18 05:51:34.50185
8,Geological evolution of Antarctica,"",Research Paper,https://doi.org/10.1016/0025-3227(92)90061-l,OpenAlex,https://openalex.org/W2921344150,https://doi.org/10.1016/0025-3227(92)90061-l,1992-04-01,2026-09-18 05:51:34.50193
9,The Reference Elevation Model of Antarctica,"The Reference Elevation Model of Antarctica (REMA) is the first continental-scale digital elevation model (DEM) at a resolution of less than 10 m. REMA is created from stereophotogrammetry with submeter resolution optical, commercial satellite imagery. The higher spatial and radiometric resolutions of this imagery enable high-quality surface extraction over the low-contrast ice sheet surface. The DEMs are registered to satellite radar and laser altimetry and are mosaicked to provide a continuous surface covering nearly 95 % the entire continent. The mosaic includes an error estimate and a time stamp, enabling change measurement. Typical elevation errors are less than 1 m, as validated by the comparison to airborne laser altimetry. REMA provides a powerful new resource for Antarctic science and provides a proof of concept for generating accurate high-resolution repeat topography at continental scales.",Research Paper,https://doi.org/10.5194/tc-13-665-2019,OpenAlex,https://openalex.org/W2900689731,https://doi.org/10.5194/tc-13-665-2019,2019-02-26,2026-09-18 05:51:34.501931
10,Timing of Millennial-Scale Climate Change in Antarctica and Greenland During the Last Glacial Period,"A precise relative chronology for Greenland and West Antarctic paleotemperature is extended to 90,000 years ago, based on correlation of atmospheric methane records from the Greenland Ice Sheet Project 2 and Byrd ice cores. Over this period, the onset of seven major millennial-scale warmings in Antarctica preceded the onset of Greenland warmings by 1500 to 3000 years. In general, Antarctic temperatures increased gradually while Greenland temperatures were decreasing or constant, and the termination of Antarctic warming was apparently coincident with the onset of rapid warming in Greenland. This pattern provides further evidence for the operation of a ""bipolar see-saw"" in air temperatures and an oceanic teleconnection between the hemispheres on millennial time scales.",Research Paper,https://doi.org/10.1126/science.291.5501.109,OpenAlex,https://openalex.org/W2099667979,https://doi.org/10.1126/science.291.5501.109,2001-01-05,2026-09-18 05:51:34.501933
11,Antarctica — Before and after Gondwana,"",Research Paper,https://doi.org/10.1016/j.gr.2010.09.003,OpenAlex,https://openalex.org/W1968729709,https://doi.org/10.1016/j.gr.2010.09.003,2010-09-22,2026-09-18 05:51:34.501934
12,BEDMAP: A new ice thickness and subglacial topographic model of Antarctica,"Measurements of ice thickness on the Antarctic ice sheet collected during surveys undertaken over the past 50 years have been brought together into a single database. From these data, a seamless suite of digital topographic models have been compiled for Antarctica and its surrounding ocean. This includes grids of ice sheet thickness over the grounded ice sheet and ice shelves, water column thickness beneath the floating ice shelves, bed elevation beneath the grounded ice sheet, and bathymetry to 60°S, including the sub‐ice‐shelf cavities. These grids are consistent with a recent high‐resolution surface elevation model of Antarctica. While the digital models have a nominal spatial resolution of 5 km, such high resolution is justified by the original data density only over a few parts of the ice sheet. The suite does, however, provide an unparalleled vision of the geosphere beneath the ice sheet and a more reliable basis for ice sheet modeling than earlier maps. The total volume of the Antarctic ice sheet calculated from the BEDMAP grid is 25.4 million km3, and the total sea level equivalent, derived from the amount of ice contained within the grounded ice sheet, is 57 m, comprising 52 m from the East Antarctic ice sheet and 5 m from the West Antarctic ice sheet, slightly less than earlier estimates. The gridded data sets can be obtained from the authors.",Research Paper,https://doi.org/10.1029/2000jb900449,OpenAlex,https://openalex.org/W1964467133,https://doi.org/10.1029/2000jb900449,2001-06-10,2026-09-18 05:51:34.501935
13,"Bacterioplankton Secondary Production Estimates for Coastal Waters of British Columbia, Antarctica, and California","The principal objective of this study was to quantify the rate of heterotrophic bacterioplankton production. Production was estimated by two approaches: (i) measurement of increasing bacterial abundance with time in filtered (3-mum pore size) seawater and (ii) estimation of bacterial deoxyribonucleic acid synthesis by tritiated thymidine incorporation in unfractionated seawater. The two approaches yielded comparable results when used at the Controlled Ecosystem Population Experiment (Saanich Inlet, British Columbia, Canada), at McMurdo Sound (Antarctica), and off Scripps Pier (La Jolla, Calif.). Estimated bacterioplankton production was lower in Antarctic samples (ranging from approximately 0 to 2.9 mug of C liter day) than in those from the other two sites (ranging from 0.7 to 71 mug of C liter day). In all three regions studied, it appeared that a significant fraction of the total primary production was utilized by the bacterioplankton and that substantial growth could occur in the absence of large particles. These results support the conclusion that bacterioplankton are a quantitatively important component of coastal marine food webs.",Research Paper,https://doi.org/10.1128/aem.39.6.1085-1095.1980,OpenAlex,https://openalex.org/W1551657140,https://doi.org/10.1128/aem.39.6.1085-1095.1980,1980-06-01,2026-09-18 05:51:34.501937
14,"Biological Accommodation in the Benthic Community at McMurdo Sound, Antarctica","Studies of the benthos between 30 and 60 m at Cape Armitage, McMurdo Sound. Antarctica, reveal an epifaunal community in which sponges and their asteroid and nudibranch predators predominate. Field experiments demonstrated that, with the exception of Mycale accrata, the growth rates of the sponges are too slow to measure in one year. Mycale, however, was observed to increase its mass as much as 67%. Because of its more rapid growth rate, Mycale appears to be the potential dominant in competition for substratum space, the resource potentially limiting to the sessile species. This conclusion is supported by observations of Mycale growing over and, in some cases, apparently having smothered many other sessile species representing at least three phyla. The densities and size frequency distributions of all the predators were measured; numerous feeding observations allowed an accurate appraisal of dietary compositions. Because of the predators' very slow consumption rates, however, direct measures of ingestion and its impact on prey populations were not possible. Estimates of the ingestion rates were derived from measurements of predator respiration rates, growth rates, and gonad growth. Data from the field surveys and the energetics studies suggest that Mycale is prevented from dominating the space resource by the predation of two asteroids. Perknaster fuscus antarcticus and Acodontaster conspicuus. Adult Perknaster specialize on Mycale, and the sponge provides a small proportion of the diet of A. conspicuus. Acodontaster conspicuus and the dorid nudibranch Austrodoris memurdensis are the most important predators on three species of rossellid sponges (Rossella racovitzae, R. nuda, and Scolymastra joubini). Despite this relatively heavy consumption and despite the fact that none of these sponges has a refuge in growth from potential mortality from A. conspicuus, very large standing crops of the rossellid sponges have accumulated. This accumulation appears to result from predation on larval and young A. conspicuus and Austrodoris by Odontaster validus, which is primarily a detrital feeder and apparently acts as a filter against the settlement and survival of the A. conspicuus and Austrodoris larvae. In addition, predation upon adult A. conspicuus by O. validus and the actinian urticinopsis antarcticus annually kills approximately 3.5% of the A. conspicuus population. This mortality exceeds the apparent rate at which A. conspicuus escape the larval filter.",Research Paper,https://doi.org/10.2307/1942321,OpenAlex,https://openalex.org/W2091777825,https://doi.org/10.2307/1942321,1974-01-01,2026-09-18 05:51:34.501938
15,"Antarctica: Soils, Weathering Processes and Environment","",Research Paper,https://doi.org/10.1016/s0166-2481(08)x7010-2,OpenAlex,https://openalex.org/W1596673349,https://doi.org/10.1016/s0166-2481(08)x7010-2,1987-01-01,2026-09-18 05:51:34.50194
16,Pacific margins of Laurentia and East Antarctica-Australia as a conjugate rift pair: Evidence and implications for an Eocambrian supercontinent,"Research Article| June 01, 1991 Pacific margins of Laurentia and East Antarctica-Australia as a conjugate rift pair: Evidence and implications for an Eocambrian supercontinent Ian W.D. Dalziel Ian W.D. Dalziel 1Institute for Geophysics, University of Texas, 8701 Mopac Boulevard, Austin, Texas 78759 Search for other works by this author on: GSW Google Scholar Author and Article Information Ian W.D. Dalziel 1Institute for Geophysics, University of Texas, 8701 Mopac Boulevard, Austin, Texas 78759 Publisher: Geological Society of America First Online: 02 Jun 2017 Online ISSN: 1943-2682 Print ISSN: 0091-7613 Geological Society of America Geology (1991) 19 (6): 598–601. https://doi.org/10.1130/0091-7613(1991)019<0598:PMOLAE>2.3.CO;2 Article history First Online: 02 Jun 2017 Cite View This Citation Add to Citation Manager Share Icon Share Facebook Twitter LinkedIn MailTo Tools Icon Tools Get Permissions Search Site Citation Ian W.D. Dalziel; Pacific margins of Laurentia and East Antarctica-Australia as a conjugate rift pair: Evidence and implications for an Eocambrian supercontinent. Geology 1991;; 19 (6): 598–601. doi: https://doi.org/10.1130/0091-7613(1991)019<0598:PMOLAE>2.3.CO;2 Download citation file: Ris (Zotero) Refmanager EasyBib Bookends Mendeley Papers EndNote RefWorks BibTex toolbar search Search Dropdown Menu toolbar search search input Search input auto suggest filter your search All ContentBy SocietyGeology Search Advanced Search Abstract Evidence supports the hypothesis that the Laurentian and East Antarctic-Australian cratons were continuous in the late Precambrian and that their Pacific margins formed as a conjugate rift pair. Both margins extend for approximately 40° of latitude. They have a similar rift history throughout their length—i.e., Late Proterozoic rifting and Early Cambrian carbonate platform development. A geometrically acceptable computer-generated reconstruction for the latest Precambrian juxtaposes and aligns the Grenville front that is truncated at the Pacific margin of Laurentia and a closely comparable tectonic boundary in East Antarctica that is truncated along the Weddell Sea margin. These may prove to be critical, perhaps even unique, ""piercing points"" for relating the northern and southern continents. Geologic and paleomagnetic evidence also suggests that the Atlantic margin of Laurentia rifted from the proto-Andean margin of South America in earliest Cambrian time. Early Phanerozoic sea-floor spreading that isolated Laurentia from South America and East Antarctica-Australia in an Eocambrian supercontinent appears to balance convergence along the Mozambique suture which resulted in final amalgamation of the smaller Gondwana supercontinent at ∼500 Ma. This content is PDF only. Please click on the PDF icon to access. First Page Preview Close Modal You do not have access to this content, please speak to your institutional administrator if you feel you should have access.",Research Paper,https://doi.org/10.1130/0091-7613(1991)019<0598:pmolae>2.3.co;2,OpenAlex,https://openalex.org/W2050120676,https://doi.org/10.1130/0091-7613(1991)019<0598:pmolae>2.3.co;2,1991-01-01,2026-09-18 05:51:34.501941
17,"Rapid and early export of Phaeocystis antarctica blooms in the Ross Sea, Antarctica","",Research Paper,https://doi.org/10.1038/35007061,OpenAlex,https://openalex.org/W1498744338,https://doi.org/10.1038/35007061,2000-04-01,2026-09-18 05:51:34.501953
18,"The sequence, crystal structure determination and refinement of two crystal forms of lipase B from Candida antarctica","",Research Paper,https://doi.org/10.1016/s0969-2126(00)00031-9,OpenAlex,https://openalex.org/W2033495093,https://doi.org/10.1016/s0969-2126(00)00031-9,1994-04-01,2026-09-18 05:51:34.501971
19,"Glacier acceleration and thinning after ice shelf collapse in the Larsen B embayment, Antarctica","Ice velocities derived from five Landsat 7 images acquired between January 2000 and February 2003 show a two‐ to six‐fold increase in centerline speed of four glaciers flowing into the now‐collapsed section of the Larsen B Ice Shelf. Satellite laser altimetry from ICESat indicates the surface of Hektoria Glacier lowered by up to 38 ± 6 m in a six‐month period beginning one year after the break‐up in March 2002. Smaller elevation losses are observed for Crane and Jorum glaciers over a later 5‐month period. Two glaciers south of the collapse area, Flask and Leppard, show little change in speed or elevation. Seasonal variations in speed preceding the large post‐collapse velocity increases suggest that both summer melt percolation and changes in the stress field due to shelf removal play a major role in glacier dynamics.",Research Paper,https://doi.org/10.1029/2004gl020670,OpenAlex,https://openalex.org/W2084481702,https://doi.org/10.1029/2004gl020670,2004-09-01,2026-09-18 05:51:34.501973
20,Geological Evolution of Antarctica,Preface Acknowledgements 1. Crustal development: the craton Crustal development: the transantarctic mountains Crustal development: 2. Weddell sea - Ross sea region Crustal development: 3. Gondwana break-up Crustal development: the Pacific margin Cenozoic palaeoenvironments Index.,Research Paper,http://ci.nii.ac.jp/ncid/BA1230471X,OpenAlex,https://openalex.org/W1535971523,,2011-04-28,2026-09-18 05:51:34.501974
31,The illustrated moss flora of Antarctica,Taxonomic and nomenclatural novelties Foreword Sir Martin W. Holdgate Preface Acknowledgements 1. Introduction 2. History of muscological investigations in Antarctica 3. Terrestrial environment and moss ecology of Antarctica 4. Diversity and phytogeography of the moss flora 5. Background to the Flora 6. Systematic accounts of the taxa Glossary References Index to Latin plant names.,research_paper,,OpenAlex,https://openalex.org/W1528643932,https://doi.org/10.5860/choice.46-5608,2009-06-01,2026-09-20 21:27:19.449781
32,The Geology of Antarctica,"1: R.J. Tingey: The Regional Geology of Archaen and Proterozoic Rocks in Antarctica. 2: Malcolm G. Laird: The Late Proterozoic-Middle Palaeozoic Rocks of Antarctica. 3: P.J. Barrett: The Devonian to Triassic Beacon Supergroup of the Transantarctic Mountains and Other Correlatives in Other Parts of Antarctica. 4: R. J. Tingey: Mesozoic Tholeiitic Igneous Rocks in Antarctica: The Ferrar (Super) Group and Related Rocks. 5: Arthur B. Ford and Glen R. Himmel: Geology and Crystallization of the Dufek Intrusion. 6: Tectonic Development of the Scotia Arc Region, Peter F. Barker, Ian W.D. Dalziel, and Bryan C. Storey. 7: Wesley E. LeMasurier and D.C. Rex: The Marie Byrd Land Volcanic Province and Its Relation to the Cainozoic West Antarctic Rift System. 8: John B. Anderson: The Antarctic Continental Shelf: Results From Marine Geological and Geophysical Investigations. 9: Charles R. Bentley: Configuration and Structure of the Subglacial Crust. 10: George H. Denton, Michael L. Prentice, and Lloyd H. Burckle: Cainozoic History of the Antarctic Ice Sheet. 11: B.C. McKelvey: The Cainozoic Glacial Record in South Victoria Land - A Geological Evaluation of the McMurdo Sound Drilling Projects. 12: Roger A. Cooper and John H. Shergold: Palaeozoic Invertebrates of Antarctica. 13: M.R.A. Thompson: Antarctic Invertebrate Fossils: The Mesozoic-Cainozoic Record. 14: Elizabeth M. Truswell: Antarctica: A History of Terrestrial Vegetation. 15: Fossil Fishes From Antarctica,G.C. Young. 16: Edwin H. Colbert: Mesozoic and Cainozoic Tetrapod Fossils from Antarctica. 17: John C. Behrendt: Scientific Studies Relevant to the Question of Antarctica's Petroleum Resource Potential. 18: Peter D. Rowley, Paul L. Williams, and Douglas E. Pride: Metallic and Non-Metallic Mineral Resources of Antarctica. 19: W.A. Cassidy: Meteorites from Antarctica",research_paper,,OpenAlex,https://openalex.org/W596713985,,1991-01-01,2026-09-20 21:27:20.877958
33,The El Niño–southern oscillation and Antarctica,"Abstract This paper reviews our understanding of how the effects of the El Niño–southern oscillation (ENSO) might be transmitted from the tropical Pacific Ocean to the Antarctic, and examines the evidence for such signals in the Antarctic meteorological, sea ice, ice core and biological records. Many scientific disciples concerned with the Antarctic require an understanding of how the climatic conditions in the tropical and mid‐latitude regions affect the Antarctic, and it is hoped that this review will aid their work. The most pronounced signals of ENSO are found over the southeast Pacific as a result of a climatological Rossby wave train that gives positive (negative) height anomalies over the Amundsen–Bellingshausen Sea during El Niño (La Niña) events. However, the extra‐tropical signature can sometimes show a high degree of variability between events in this area. In West Antarctica, links between ENSO and precipitation have shown variability on the decadal time scale. Across the continent itself, it is even more difficult to relate meteorological conditions to ENSO, yet analyses of the long meteorological records from the stations do indicate a distinct switch in sign of the pressure anomalies from positive to negative across the minimum in the southern oscillation index. The oceanic signals of ENSO around the Antarctic are less clear, but it has been suggested that the Antarctic circumpolar wave could be forced by the phenomenon. Ice‐core data offer the potential to help in understanding the long‐term relationship between ENSO and the climate of the Antarctic, but there are difficulties because of the need to smooth the ice‐core data to overcome the mixing of snow on the surface. Nevertheless, analysis of methylsulphonic acid in a South Pole core has shown high variability on ENSO time scales. It is clear that some evidence of ENSO can be found in the Antarctic meteorological and ice‐core records; however, many of the relationships tend not to be stable with time, and we currently have a poor understanding of the transfer functions by which such signals arrive at the Antarctic from the tropical Pacific. Copyright © 2004 Royal Meteorological Society",research_paper,,OpenAlex,https://openalex.org/W2107058407,https://doi.org/10.1002/joc.965,2004-01-01,2026-09-20 21:27:20.885772
34,"Deformation of till beneath ice stream B, West Antarctica",,research_paper,,OpenAlex,https://openalex.org/W2029486441,https://doi.org/10.1038/322057a0,1986-07-01,2026-09-20 21:27:20.889746
35,One Biocatalyst–Many Applications: The Use of Candida Antarctica B-Lipase in Organic Synthesis,"The application of the B-component lipase from the yeast Candida antarctica in organic synthesis is reviewed. This enzyme has been found to be a particularly efficient and robust lipase catalyzing a surprising diversity of reactions including many different regio- and enantio-selec-tive syntheses. Furthermore, the C. antarctica B-lipase is an example of an enzyme for which its specificity has been predicted based on the crystal structure and modeling of the active site region. This prediction is compared to experimental observations and a very close correlation is found.",research_paper,,OpenAlex,https://openalex.org/W2096974021,https://doi.org/10.3109/10242429809003198,1998-01-01,2026-09-20 21:27:20.892269
36,Observations beneath Pine Island Glacier in West Antarctica and implications for its retreat,,research_paper,,OpenAlex,https://openalex.org/W1981187225,https://doi.org/10.1038/ngeo890,2010-06-20,2026-09-20 21:27:20.894593
55,West Antarctica: Problem child of Gondwanaland,"The evolution of West (Lesser) Antarctica and its relation to East (Greater) Antarctica have major implications for global plate interactions, paleoclimate, and paleobiogeography, as well as Gondwanaland reconstruction. Analyses of marine geophysical data still lead to seemingly unacceptable overlap between the Antarctic Peninsula and the South American continent or else to geologically questionable relationships. A review of the relevant geological and geophysical data indicates that the problem lies in microplate movement and crustal thinning within West Antarctica during Gondwanaland breakup in the late Mesozoic and Cenozoic. The available data allow a range of possible reconstructions with West Antarctica subdivided into several discrete or semidiscrete microplates. Final solution of this problem requires additional geological and, particularly, geophysical data from West Antarctica as a whole, and the Weddell Sea‐Ross Sea embayment in particular. Meantime, it seems inadvisable to use the present continental outline of Antarctica on the Pacific side of the Transantarctic Mountains in reconstructing Gondwanaland.",research_paper,,OpenAlex,https://openalex.org/W2063937978,https://doi.org/10.1029/tc001i001p00003,1982-02-01,2026-09-20 21:27:23.1449
37,"Large‐scale ice flow over a viscous basal sediment: Theory and application to ice stream B, Antarctica","Recent seismic studies of ice stream B, Antarctica and field analysis of mid‐latitude glacial deposits suggest that deformable basal sediments (e.g., water‐saturated till) are important in determining ice sheet flow. If the ratio of till viscosity to effective ice viscosity is small, vertical shear associated with horizontal flow is confined to the deforming bed alone. Ice flow over a deformable bed is thus akin to that of floating ice shelves, because ice shelves flow over inviscid seawater. For some Antarctic ice streams, and possibly for portions of the late Wisconsin ice sheets in North America and Eurasia, basal drag associated with deforming basal sediment does not induce significant vertical gradients of horizontal velocity. Instead, basal drag affects the flow as if it were a horizontal body force balanced by longitudinal and transverse deviatoric stress gradients. Comparison of the observed flow of ice stream B to finite element simulations incorporating a viscous basal till suggest that a simple till rheology is sufficient to explain the current velocity profile. These simulations also highlight the importance of horizontal deviatoric stress in regions where driving stress and basal stress do not locally balance. While bed deformation is critical to ice stream existence, sensitivity tests suggest that ice shelf back pressure is still a crucial control affecting ice stream response to atmospheric and oceanic climate.",research_paper,,OpenAlex,https://openalex.org/W2145016426,https://doi.org/10.1029/jb094ib04p04071,1989-04-10,2026-09-20 21:27:20.896825
38,"Marine Ice Sheet Collapse Potentially Under Way for the Thwaites Glacier Basin, West Antarctica","Resting atop a deep marine basin, the West Antarctic Ice Sheet has long been considered prone to instability. Using a numerical model, we investigated the sensitivity of Thwaites Glacier to ocean melt and whether its unstable retreat is already under way. Our model reproduces observed losses when forced with ocean melt comparable to estimates. Simulated losses are moderate (<0.25 mm per year at sea level) over the 21st century but generally increase thereafter. Except possibly for the lowest-melt scenario, the simulations indicate that early-stage collapse has begun. Less certain is the time scale, with the onset of rapid (>1 mm per year of sea-level rise) collapse in the different simulations within the range of 200 to 900 years.",research_paper,,OpenAlex,https://openalex.org/W2022434142,https://doi.org/10.1126/science.1249055,2014-05-13,2026-09-20 21:27:20.900922
39,South China in Rodinia: Part of the missing link between Australia–East Antarctica and Laurentia?,"Research Article| May 01, 1995 South China in Rodinia: Part of the missing link between Australia–East Antarctica and Laurentia? Zheng-Xiang Li; Zheng-Xiang Li 1Department of Geology and Geophysics, University of Western Australia, Nedlands, Western Australia 6907, Australia Search for other works by this author on: GSW Google Scholar Linghua Zhang; Linghua Zhang 1Department of Geology and Geophysics, University of Western Australia, Nedlands, Western Australia 6907, Australia Search for other works by this author on: GSW Google Scholar Christopher McA. Powell Christopher McA. Powell 1Department of Geology and Geophysics, University of Western Australia, Nedlands, Western Australia 6907, Australia Search for other works by this author on: GSW Google Scholar Geology (1995) 23 (5): 407–410. https://doi.org/10.1130/0091-7613(1995)023<0407:SCIRPO>2.3.CO;2 Article history first online: 02 Jun 2017 Cite View This Citation Add to Citation Manager Share Icon Share MailTo Twitter LinkedIn Tools Icon Tools Get Permissions Search Site Citation Zheng-Xiang Li, Linghua Zhang, Christopher McA. Powell; South China in Rodinia: Part of the missing link between Australia–East Antarctica and Laurentia?. Geology 1995;; 23 (5): 407–410. doi: https://doi.org/10.1130/0091-7613(1995)023<0407:SCIRPO>2.3.CO;2 Download citation file: Ris (Zotero) Refmanager EasyBib Bookends Mendeley Papers EndNote RefWorks BibTex toolbar search Search Dropdown Menu toolbar search search input Search input auto suggest filter your search All ContentBy SocietyGeology Search Advanced Search Abstract Stratigraphic correlations and tectonic analysis suggest that the Yangtze block of South China could have been a continental fragment caught between the Australian craton and Laurentia during the late mesoproterozoic assembly of the supercontinent Rodinia. The Cathaysia block of southeast China may have been part of a 1.9–1.4 Ga continental strip adjoining western Laurentia before it became attached to the Yangtze block around 1 Ga. This configuration provides a western source region for the clastic wedges in the Belt Supergroup of western North America which contain detrital grains of 1.8–1.6 Ga and 1.22–1.07 Ga. The breakup of Rodinia around 0.7 Ga separated South China (Yangtze plus Cathaysia blocks) from the other continents. This content is PDF only. Please click on the PDF icon to access. First Page Preview Close Modal You do not have access to this content, please speak to your institutional administrator if you feel you should have access.",research_paper,,OpenAlex,https://openalex.org/W2009805159,https://doi.org/10.1130/0091-7613(1995)023<0407:scirpo>2.3.co;2,1995-01-01,2026-09-20 21:27:20.903211
40,Reassessment of Net Surface Mass Balance in Antarctica,"Recent in situ measurements of surface mass balance and improved calculation techniques are used to produce an updated assessment of net surface mass balance over Antarctica. A new elevation model of Antarctica derived from ERS-1 satellite altimetry supplemented with conventional data was used to delineate the ice flow drainage basins across Antarctica. The areas of these basins were calculated using the recent digital descriptions of coastlines and grounding lines. The delineation of drainage basins was achieved using an automatic procedure, which gave similar results to earlier hand-drawn catchment basins. More than 1800 published and unpublished in situ measurements of net surface mass balance from Antarctica were collated and then interpolated. A net surface mass balance map was derived from passive microwave satellite data, being employed as a forcing field to control the interpolation of the sparse in situ observations. Basinwide integrals of net surface mass balance were calculated using tools available within a geographic information system. It is found that the integrated net surface mass balance over the conterminous grounded ice sheet is 1811 Gton yr−1 (149 kg m−2 yr−1), and over the entire continent (including ice shelves and their embedded ice rises) it is 2288 Gton yr−1 (166 kg m−2 yr−1). These values are around 18% and 7% higher than the estimates widely adopted at present. The uncertainty in these values is hard to estimate from the methodology alone, but the progression of estimates from early studies to the present suggests that around ±5% uncertainty remains in the overall values. The results serve to confirm the great uncertainty in the overall contribution of the Antarctic Ice Sheet to recent and future global sea level rise even without a substantial collapse of the West Antarctic Ice Sheet.",research_paper,,OpenAlex,https://openalex.org/W2122474448,https://doi.org/10.1175/1520-0442(1999)012<0933:ronsmb>2.0.co;2,1999-04-01,2026-09-20 21:27:20.906908
41,"Widespread, rapid grounding line retreat of Pine Island, Thwaites, Smith, and Kohler glaciers, West Antarctica, from 1992 to 2011","Abstract We measure the grounding line retreat of glaciers draining the Amundsen Sea sector of West Antarctica using Earth Remote Sensing (ERS‐1/2) satellite radar interferometry from 1992 to 2011. Pine Island Glacier retreated 31 km at its center, with most retreat in 2005–2009 when the glacier ungrounded from its ice plain. Thwaites Glacier retreated 14 km along its fast flow core and 1 to 9 km along the sides. Haynes Glacier retreated 10 km along its flanks. Smith/Kohler glaciers retreated the most, 35 km along its ice plain, and its ice shelf pinning points are vanishing. These rapid retreats proceed along regions of retrograde bed elevation mapped at a high spatial resolution using a mass conservation technique that removes residual ambiguities from prior mappings. Upstream of the 2011 grounding line positions, we find no major bed obstacle that would prevent the glaciers from further retreat and draw down the entire basin.",research_paper,,OpenAlex,https://openalex.org/W1966210493,https://doi.org/10.1002/2014gl060140,2014-05-12,2026-09-20 21:27:20.909826
42,"Microplastic in the surface waters of the Ross Sea (Antarctica): Occurrence, distribution and characterization by FTIR",,research_paper,,OpenAlex,https://openalex.org/W2586701256,https://doi.org/10.1016/j.chemosphere.2017.02.024,2017-02-07,2026-09-20 21:27:20.912961
43,The Landsat Image Mosaic of Antarctica,,research_paper,,OpenAlex,https://openalex.org/W2164131390,https://doi.org/10.1016/j.rse.2008.07.006,2008-08-29,2026-09-20 21:27:20.915601
56,Winter warming in West Antarctica caused by central tropical Pacific warming,,research_paper,,OpenAlex,https://openalex.org/W2109215244,https://doi.org/10.1038/ngeo1129,2011-04-10,2026-09-20 21:27:23.147712
44,Elevation and elevation change of Greenland and Antarctica derived from CryoSat-2,"Abstract. This study focuses on the present-day surface elevation of the Greenland and Antarctic ice sheets. Based on 3 years of CryoSat-2 data acquisition we derived new elevation models (DEMs) as well as elevation change maps and volume change estimates for both ice sheets. Here we present the new DEMs and their corresponding error maps. The accuracy of the derived DEMs for Greenland and Antarctica is similar to those of previous DEMs obtained by satellite-based laser and radar altimeters. Comparisons with ICESat data show that 80% of the CryoSat-2 DEMs have an uncertainty of less than 3 m ± 15 m. The surface elevation change rates between January 2011 and January 2014 are presented for both ice sheets. We compared our results to elevation change rates obtained from ICESat data covering the time period from 2003 to 2009. The comparison reveals that in West Antarctica the volume loss has increased by a factor of 3. It also shows an anomalous thickening in Dronning Maud Land, East Antarctica which represents a known large-scale accumulation event. This anomaly partly compensates for the observed increased volume loss of the Antarctic Peninsula and West Antarctica. For Greenland we find a volume loss increased by a factor of 2.5 compared to the ICESat period with large negative elevation changes concentrated at the west and southeast coasts. The combined volume change of Greenland and Antarctica for the observation period is estimated to be −503 ± 107 km3 yr−1. Greenland contributes nearly 75% to the total volume change with −375 ± 24 km3 yr−1.",research_paper,,OpenAlex,https://openalex.org/W1989591467,https://doi.org/10.5194/tc-8-1539-2014,2014-08-20,2026-09-20 21:27:20.918186
45,Melting of ice shelves and the mass balance of Antarctica,"Abstract We calculate the present ice budget for Antarctica from measurements of accumulation minus iceberg calving, run-off and in situ melting beneath the floating ice shelves. The resulting negative mass balance of 469 Gt year−1differs substantially from other recent estimates but some components are subject to high temporal variability and budget uncertainties of 20–50%. Annual accumulation from an earlier review is adjusted to include the Antarctic Peninsula for a total of 2144 Gt year−1. An iceberg production rate of 2016 Gt year−1is obtained from the volume of large icebergs calculated from satellite images since 1978, and from the results of an international iceberg census project. Ice-shelf melting of 544 Gt year−1is derived from physical and geochemical observations of meltwater outflow, glaciological field studies and modeling of the sub-ice ocean circulation. The highest melt rates occur near ice fronts and deep within sub-ice cavities. Run-off from the ice-sheet surface and from beneath the grounded ice is taken to be 53 Gt year−1. Less than half of the negative mass balance need come from the grounded ice to account for the unattributed 0.45 mm year−1in the IPCC “best estimate” of the recent global sea-level rise.",research_paper,,OpenAlex,https://openalex.org/W1666018831,https://doi.org/10.1017/s0022143000002252,1992-01-01,2026-09-20 21:27:20.920866
46,Microbial Ecosystems of Antarctica,Preface 1. Introduction 2. Snow and ice ecosystems 3. Sea-ice ecosystems 4. The marginal-ice zone 5. The open ocean 6. Benthic marine environments 7. Lakes and streams 8. Soil ecosystems 9. Lithic ecosystems: the rock environments 10. Microbial strategies in Antarctica 11. Microbes and humans in Antarctica Glossary Appendixes References Index.,research_paper,,OpenAlex,https://openalex.org/W2002686483,https://doi.org/10.2307/1551307,1990-05-01,2026-09-20 21:27:20.923918
47,How isolated is Antarctica?,,research_paper,,OpenAlex,https://openalex.org/W2025398100,https://doi.org/10.1016/j.tree.2004.10.004,2004-12-15,2026-09-20 21:27:20.926671
48,Conversion of vegetable oil to biodiesel using immobilized Candida antarctica lipase,"Abstract Biodiesel derived from vegetable oils has drawn considerable attention with increasing environmental consciousness. We attempted continuous methanolysis of vegetable oil by an enzymatic process. Immobilized Candida antarctica lipase was found to be the most effective for the methanolysis among lipases tested. The enzyme was inactivated by shaking in a mixture containing more than 1.5 molar equivalents of methanol against the oil. To fully convert the oil to its corresponding methyl esters, at least 3 molar equivalents of methanol are needed. Thus, the reaction was conducted by adding methanol stepwise to avoid lipase inactivation. The first step of the reaction was conducted at 30°C for 10 h in a mixture of oil/methanol (1:1, mol/mol) and 4% immobilized lipase with shaking at 130 oscillations/min. After more than 95% methanol was consumed in ester formation, a second molar equivalent of methanol was added and the reaction continued for 14 h. The third molar equivalent of methanol was finally added and the reaction continued for 24 h (total reaction time, 48 h). This three‐step process converted 98.4% of the oil to its corresponding methyl esters. To investigate the stability of the lipase, the three‐step methanolysis process was repeated by transferring the immobilized lipase to a fresh substrate mixture. As a result, more than 95% of the ester conversion was maintained even after 50 cycles of the reaction (100 d).",research_paper,,OpenAlex,https://openalex.org/W2019604457,https://doi.org/10.1007/s11746-999-0067-6,1999-07-01,2026-09-20 21:27:20.929597
49,Inferring surface heat flux distributions guided by a global seismic model: particular application to Antarctica,,research_paper,,OpenAlex,https://openalex.org/W2123042467,https://doi.org/10.1016/j.epsl.2004.04.011,2004-06-01,2026-09-20 21:27:20.93308
50,The Development of Paleoseaways Around Antarctica,This chapter contains sections titled: Introduction Prebreakup Reconstruction Early Jurassic Time Development of Paleoseaways Summary,research_paper,,OpenAlex,https://openalex.org/W1601823036,https://doi.org/10.1029/ar056p0007,2011-09-01,2026-09-20 21:27:20.935653
51,Choosing the future of Antarctica,,research_paper,,OpenAlex,https://openalex.org/W2807097649,https://doi.org/10.1038/s41586-018-0173-4,2018-06-01,2026-09-20 21:27:23.121289
52,The Paris Climate Agreement and future sea-level rise from Antarctica,,research_paper,,OpenAlex,https://openalex.org/W3136144856,https://doi.org/10.1038/s41586-021-03427-0,2021-05-05,2026-09-20 21:27:23.130535
53,An Active Subglacial Water System in West Antarctica Mapped from Space,"Satellite laser altimeter elevation profiles from 2003 to 2006 collected over the lower parts of Whillans and Mercer ice streams, West Antarctica, reveal 14 regions of temporally varying elevation, which we interpret as the surface expression of subglacial water movement. Vertical motion and spatial extent of two of the largest regions are confirmed by satellite image differencing. A major, previously unknown subglacial lake near the grounding line of Whillans Ice Stream is observed to drain 2.0 cubic kilometers of water into the ocean over approximately 3 years, while elsewhere a similar volume of water is being stored subglacially. These observations reveal a wide spread, dynamic subglacial water system that may exert an important control on ice flow and mass balance.",research_paper,,OpenAlex,https://openalex.org/W2002675380,https://doi.org/10.1126/science.1136897,2007-02-15,2026-09-20 21:27:23.13737
54,"Climate correlations between Greenland and Antarctica during the past 100,000 years",,research_paper,,OpenAlex,https://openalex.org/W1976650585,https://doi.org/10.1038/372663a0,1994-12-01,2026-09-20 21:27:23.141727
57,Boundary Layer Halogens in Coastal Antarctica,"Halogens influence the oxidizing capacity of Earth's troposphere, and iodine oxides form ultrafine aerosols, which may have an impact on climate. We report year-round measurements of boundary layer iodine oxide and bromine oxide at the near-coastal site of Halley Station, Antarctica. Surprisingly, both species are present throughout the sunlit period and exhibit similar seasonal cycles and concentrations. The springtime peak of iodine oxide (20 parts per trillion) is the highest concentration recorded anywhere in the atmosphere. These levels of halogens cause substantial ozone depletion, as well as the rapid oxidation of dimethyl sulfide and mercury in the Antarctic boundary layer.",research_paper,,OpenAlex,https://openalex.org/W2100989243,https://doi.org/10.1126/science.1141408,2007-07-19,2026-09-20 21:27:23.150336
58,"Holocene carbon-cycle dynamics based on CO2 trapped in ice at Taylor Dome, Antarctica",,research_paper,,OpenAlex,https://openalex.org/W2133762128,https://doi.org/10.1038/18158,1999-03-01,2026-09-20 21:27:23.152948
59,Central West Antarctica among the most rapidly warming regions on Earth,,research_paper,,OpenAlex,https://openalex.org/W2113565325,https://doi.org/10.1038/ngeo1671,2012-12-21,2026-09-20 21:27:23.15571
60,Onset of deglacial warming in West Antarctica driven by local orbital forcing,,research_paper,,OpenAlex,https://openalex.org/W2151952626,https://doi.org/10.1038/nature12376,2013-08-01,2026-09-20 21:27:23.159306
61,"Proterozoic basement provinces of southern and southwestern Australia, and their correlation with Antarctica","Abstract Three Precambrian basement provinces extend from the southern coast of Australia into East Antarctica when reconstructed in a Gondwana configuration. These are, from east to west, the Mawson Craton, and the Albany-Fraser and Pinjarra Orogens. The Mawson Craton preserves evidence for tectonic activity from the late Archaean until the earliest Mesoproterozoic. It is exposed in the Gawler Craton of South Australia, the Terre Adélie and King George V Land coastline of East Antarctica, and the Miller Range of the central Transantarctic Mountains. It may form a significant part of the ice-covered East Antarctic Shield, although insufficient data are available to constrain its lateral extent. The Mawson Craton underwent late Palaeoproterozoic tectonism along its eastern margin (the Kimban Orogeny) and the occurrence of c. 1700Ma eclogites in the Transantarctic Mountains implies that this was, in part, a collisional event, although elsewhere it was characterized by low P/T metamorphism. The western margin of the Mawson Craton collided with a continental fragment comprising the Nawa Domain of the Gawler Craton, the Coompana Block and the Nornalup Complex of Western Australia at c. 1560Ma during the Kararan Orogeny. The western edge of the Nornalup Complex later collided with the Biranup and Fraser Complexes and Yilgarn Craton to form the Albany-Fraser Orogen during two stages of tectonism at c. 1350–1260 and 1210–1140Ma. The Pinjarra Orogen truncates the western margin of the Yilgarn Craton and Albany-Fraser Orogen, and contains allochthonous 1100–1000Ma gneissic blocks transported along the craton margin during at least two stages of Neoproterozoic transcurrent movement. It divides East Gondwana into Australo-Antarctic and Indo-Antarctic domains, which are distinct continental fragments with different Proterozoic histories that were juxtaposed by oblique collision at 550–500Ma during the assembly of Gondwana. The path taken by the Pinjarra Orogen beneath the Antarctic ice sheet is unknown, but it is of similar width and length to the East African Orogen, and must have been a fundamental Neoproterozoic boundary of critical importance to supercontinent assembly and breakup.",research_paper,,OpenAlex,https://openalex.org/W2092063385,https://doi.org/10.1144/gsl.sp.2003.206.01.07,2003-01-01,2026-09-20 21:27:23.161829
62,"Basal mechanics of Ice Stream B, west Antarctica: 1. Till mechanics","Data from laboratory geotechnical tests on till recovered from beneath Ice Stream B, West Antarctica, at the Upstream B camp (hereinafter the UpB till) show that failure strength of this till is strongly dependent on effective stress but is practically independent of strain and strain rate. These data support use of a Coulomb‐plastic rheology in modeling of ice stream behavior and subglacial till deformation. Our testing program combined triaxial, ring shear, and confined uniaxial tests to investigate till strength and compressibility. Results show that the UpB till follows closely Coulomb's equation in which shear strength is a linear function of normal effective stress (apparent cohesion near zero and internal friction angle ϕ equal to 24°). Till compressibility is best described by a logarithmic function that relates void ratio to normal effective stress. In general, the behavior of the UpB till is consistent with other experimental evidence regarding mechanical behavior of granular materials. Based on our laboratory results we formulate the Compressible‐Coulomb‐Plastic till model in which there are three interrelated, primary state variables: shear strength, void ratio, and normal effective stress. This model is used in the second part of our study to simulate response of subglacial till to realistic effective stress forcings. These simulations demonstrate that the model is capable of reproducing fundamental aspects of subglacial till kinematics: (1) occurrence of tilt rate oscillations and negative tilt rates in tiltmeter records, and (2) distributed till deformation to depths of 0.1–1.0 m beneath the ice base. Our laboratory and modeling results substantiate application of the Compressible‐Coulomb‐Plastic model in simulations of the motion of Ice Stream B over its weak till bed.",research_paper,,OpenAlex,https://openalex.org/W2054754818,https://doi.org/10.1029/1999jb900329,2000-01-10,2026-09-20 21:27:23.164374
63,Measurements of Time-Variable Gravity Show Mass Loss in Antarctica,"Using measurements of time-variable gravity from the Gravity Recovery and Climate Experiment satellites, we determined mass variations of the Antarctic ice sheet during 2002-2005. We found that the mass of the ice sheet decreased significantly, at a rate of 152 +/- 80 cubic kilometers of ice per year, which is equivalent to 0.4 +/- 0.2 millimeters of global sea-level rise per year. Most of this mass loss came from the West Antarctic Ice Sheet.",research_paper,,OpenAlex,https://openalex.org/W2053692638,https://doi.org/10.1126/science.1123785,2006-03-02,2026-09-20 21:27:23.166816
64,"Microorganisms in the Accreted Ice of Lake Vostok, Antarctica","Analysis of a portion of Vostok ice core number 5G, which is thought to contain frozen water derived from Lake Vostok, Antarctica (a body of liquid water located beneath about 4 kilometers of glacial ice), revealed between 2 x 10(2) and 3 x 10(2) bacterial cells per milliliter and low concentrations of potential growth nutrients. Lipopolysaccharide (a Gram-negative bacterial cell biomarker) was also detected at concentrations consistent with the cell enumeration data, which suggests a predominance of Gram-negative bacteria. At least a portion of the microbial assemblage was viable, as determined by the respiration of carbon-14-labeled acetate and glucose substrates during incubations at 3 degrees C and 1 atmosphere. These accreted ice data suggest that Lake Vostok may contain viable microorganisms.",research_paper,,OpenAlex,https://openalex.org/W1981099026,https://doi.org/10.1126/science.286.5447.2144,1999-12-10,2026-09-20 21:27:23.16922
65,Fungi in Antarctica,,research_paper,,OpenAlex,https://openalex.org/W2040255019,https://doi.org/10.1007/s11157-006-9107-y,2006-12-28,2026-09-20 21:27:23.172087
66,"Dietary fiber, amino acid, fatty acid and tocopherol contents of the edible seaweeds Ulva lactuca and Durvillaea antarctica",,research_paper,,OpenAlex,https://openalex.org/W1977425096,https://doi.org/10.1016/j.foodchem.2005.07.027,2005-12-16,2026-09-20 21:27:23.174995
74,Anthropogenic impacts on marine ecosystems in Antarctica,"Antarctica is the most isolated continent on Earth, but it has not escaped the negative impacts of human activity. The unique marine ecosystems of Antarctica and their endemic faunas are affected on local and regional scales by overharvesting, pollution, and the introduction of alien species. Global climate change is also having deleterious impacts: rising sea temperatures and ocean acidification already threaten benthic and pelagic food webs. The Antarctic Treaty System can address local- to regional-scale impacts, but it does not have purview over the global problems that impinge on Antarctica, such as emissions of greenhouse gases. Failure to address human impacts simultaneously at all scales will lead to the degradation of Antarctic marine ecosystems and the homogenization of their composition, structure, and processes with marine ecosystems elsewhere.",research_paper,,OpenAlex,https://openalex.org/W1617570152,https://doi.org/10.1111/j.1749-6632.2010.05926.x,2011-03-01,2026-09-20 21:27:24.864914
67,An inventory of active subglacial lakes in Antarctica detected by ICESat (2003–2008),"Abstract Through the detection of surface deformation in response to water movement, recent satellite studies have demonstrated the existence of subglacial lakes in Antarctica that fill and drain on timescales of months to years. These studies, however, were confined to specific regions of the ice sheet. Here we present the first comprehensive study of these ‘active’ lakes for the Antarctic ice sheet north of 86° S, based on 4.5 years (2003–08) of NASA’s Ice, Cloud and land Elevation Satellite (ICESat) laser altimeter data. Our analysis has detected 124 lakes that were active during this period, and we estimate volume changes for each lake. The ICESat-detected lakes are prevalent in coastal Antarctica, and are present under most of the largest ice-stream catchments. Lakes sometimes appear to transfer water from one to another, but also often exchange water with distributed sources undetectable by ICESat, suggesting that the lakes may provide water to or withdraw water from the hydrologic systems that lubricate glacier flow. Thus, these reservoirs may contribute pulses of water to produce rapid temporal changes in glacier speeds, but also may withdraw water at other times to slow flow.",research_paper,,OpenAlex,https://openalex.org/W2032185735,https://doi.org/10.3189/002214309789470879,2009-01-01,2026-09-20 21:27:23.177614
68,Interpretation of discordant 40Ar/39Ar age-spectra of mesozoic tholeiites from antarctica,,research_paper,,OpenAlex,https://openalex.org/W2022223654,https://doi.org/10.1016/0016-7037(77)90184-3,1977-01-01,2026-09-20 21:27:23.181288
69,Macroplastics at sea around Antarctica,,research_paper,,OpenAlex,https://openalex.org/W2114009483,https://doi.org/10.1016/j.marenvres.2010.05.006,2010-05-20,2026-09-20 21:27:23.183777
70,Synchronous Climate Changes in Antarctica and the North Atlantic,"Central Greenland ice cores provide evidence of abrupt changes in climate over the past 100,000 years. Many of these changes have also been identified in sedimentary and geochemical signatures in deep-sea sediment cores from the North Atlantic, confirming the link between millennial-scale climate variability and ocean thermohaline circulation. It is shown here that two of the most prominent North Atlantic events-the rapid warming that marks the end of the last glacial period and the Bolling/Allerod-Younger Dryas oscillation-are also recorded in an ice core from Taylor Dome, in the western Ross Sea sector of Antarctica. This result contrasts with evidence from ice cores in other regions of Antarctica, which show an asynchronous response between the Northern and Southern Hemispheres.",research_paper,,OpenAlex,https://openalex.org/W2128832472,https://doi.org/10.1126/science.282.5386.92,1998-10-02,2026-09-20 21:27:23.186343
71,Continent-wide risk assessment for the establishment of nonindigenous species in Antarctica,"Invasive alien species are among the primary causes of biodiversity change globally, with the risks thereof broadly understood for most regions of the world. They are similarly thought to be among the most significant conservation threats to Antarctica, especially as climate change proceeds in the region. However, no comprehensive, continent-wide evaluation of the risks to Antarctica posed by such species has been undertaken. Here we do so by sampling, identifying, and mapping the vascular plant propagules carried by all categories of visitors to Antarctica during the International Polar Year's first season (2007-2008) and assessing propagule establishment likelihood based on their identity and origins and on spatial variation in Antarctica's climate. For an evaluation of the situation in 2100, we use modeled climates based on the Intergovernmental Panel on Climate Change's Special Report on Emissions Scenarios Scenario A1B [Nakićenović N, Swart R, eds (2000) Special Report on Emissions Scenarios: A Special Report of Working Group III of the Intergovernmental Panel on Climate Change (Cambridge University Press, Cambridge, UK)]. Visitors carrying seeds average 9.5 seeds per person, although as vectors, scientists carry greater propagule loads than tourists. Annual tourist numbers (∼33,054) are higher than those of scientists (∼7,085), thus tempering these differences in propagule load. Alien species establishment is currently most likely for the Western Antarctic Peninsula. Recent founder populations of several alien species in this area corroborate these findings. With climate change, risks will grow in the Antarctic Peninsula, Ross Sea, and East Antarctic coastal regions. Our evidence-based assessment demonstrates which parts of Antarctica are at growing risk from alien species that may become invasive and provides the means to mitigate this threat now and into the future as the continent's climate changes.",research_paper,,OpenAlex,https://openalex.org/W2155546647,https://doi.org/10.1073/pnas.1119787109,2012-03-05,2026-09-20 21:27:24.855302
72,Ground‐based measurements of spatial and temporal variability of snow accumulation in East Antarctica,"The East Antarctic Ice Sheet is the largest, highest, coldest, driest, and windiest ice sheet on Earth. Understanding of the surface mass balance (SMB) of Antarctica is necessary to determine the present state of the ice sheet, to make predictions of its potential contribution to sea level rise, and to determine its past history for paleoclimatic reconstructions. However, SMB values are poorly known because of logistic constraints in extreme polar environments, and they represent one of the biggest challenges of Antarctic science. Snow accumulation is the most important parameter for the SMB of ice sheets. SMB varies on a number of scales, from small‐scale features (sastrugi) to ice‐sheet‐scale SMB patterns determined mainly by temperature, elevation, distance from the coast, and wind‐driven processes. In situ measurements of SMB are performed at single points by stakes, ultrasonic sounders, snow pits, and firn and ice cores and laterally by continuous measurements using ground‐penetrating radar. SMB for large regions can only be achieved practically by using remote sensing and/or numerical climate modeling. However, these techniques rely on ground truthing to improve the resolution and accuracy. The separation of spatial and temporal variations of SMB in transient regimes is necessary for accurate interpretation of ice core records. In this review we provide an overview of the various measurement techniques, related difficulties, and limitations of data interpretation; describe spatial characteristics of East Antarctic SMB and issues related to the spatial and temporal representativity of measurements; and provide recommendations on how to perform in situ measurements.",research_paper,,OpenAlex,https://openalex.org/W2066532218,https://doi.org/10.1029/2006rg000218,2008-04-10,2026-09-20 21:27:24.859013
73,"Sustained increase in ice discharge from the Amundsen Sea Embayment, West Antarctica, from 1973 to 2013","We combine measurements of ice velocity from Landsat feature tracking and satellite radar interferometry, and ice thickness from existing compilations to document 41 years of mass flux from the Amundsen Sea Embayment (ASE) of West Antarctica. The total ice discharge has increased by 77% since 1973. Half of the increase occurred between 2003 and 2009. Grounding‐line ice speeds of Pine Island Glacier stabilized between 2009 and 2013, following a decade of rapid acceleration, but that acceleration reached far inland and occurred at a rate faster than predicted by advective processes. Flow speeds across Thwaites Glacier increased rapidly after 2006, following a decade of near‐stability, leading to a 33% increase in flux between 2006 and 2013. Haynes, Smith, Pope, and Kohler Glaciers all accelerated during the entire study period. The sustained increase in ice discharge is a possible indicator of the development of a marine ice sheet instability in this part of Antarctica.",research_paper,,OpenAlex,https://openalex.org/W2017195198,https://doi.org/10.1002/2013gl059069,2014-02-12,2026-09-20 21:27:24.861895
75,"Valley floor climate observations from the McMurdo dry valleys, Antarctica, 1986–2000","Climate observations from the McMurdo dry valleys, East Antarctica are presented from a network of seven valley floor automatic meteorological stations during the period 1986 to 2000. Mean annual temperatures ranged from −14.8°C to −30.0°C, depending on the site and period of measurement. Mean annual relative humidity is generally highest near the coast. Mean annual wind speed increases with proximity to the polar plateau. Site‐to‐site variation in mean annual solar flux and PAR is due to exposure of each station and changes over time are likely related to changes in cloudiness. During the nonsummer months, strong katabatic winds are frequent at some sites and infrequent at others, creating large variation in mean annual temperature owing to the warming effect of the winds. Katabatic wind exposure appears to be controlled to a large degree by the presence of colder air in the region that collects at low points and keeps the warm less dense katabatic flow from the ground. The strong influence of katabatic winds makes prediction of relative mean annual temperature based on geographical position (elevation and distance from the coast) alone, not possible. During the summer months, onshore winds dominate and warm as they progress through the valleys creating a strong linear relationship (r 2 = 0.992) of increasing potential temperature with distance from the coast (0.09°C km −1 ). In contrast to mean annual temperature, summer temperature lends itself quite well to model predictions, and is used to construct a statistical model for predicting summer dry valley temperatures at unmonitored sites.",research_paper,,OpenAlex,https://openalex.org/W2014391597,https://doi.org/10.1029/2001jd002045,2002-12-21,2026-09-20 21:27:24.867937
76,Lichens of Antarctica and South Georgia: a guide to their identification and ecology,Preface Acknowledgements Introduction Environment and lichen ecology of Antarctica and South Georgia Materials and methods Artificial keys to the genera Systematic and ecological accounts of the genera and species References Glossary Index of taxa.,research_paper,,OpenAlex,https://openalex.org/W1540102336,,2001-01-01,2026-09-20 21:27:24.870827
77,Increased ice losses from Antarctica detected by CryoSat-2,"We use 3 years of Cryosat-2 radar altimeter data to develop the first comprehensive assessment of Antarctic ice sheet elevation change. This new data set provides near-continuous (96%) coverage of the entire continent, extending to within 215 km of the South Pole and leading to a fivefold increase in the sampling of coastal regions where the vast majority of all ice losses occur. Between 2010 and 2013, West Antarctica, East Antarctica, and the Antarctic Peninsula changed in mass by −134 ± 27, −3 ± 36, and −23 ± 18 Gt yr−1, respectively. In West Antarctica, signals of imbalance are present in areas that were poorly surveyed by past missions, contributing additional losses that bring altimeter observations closer to estimates based on other geodetic techniques. However, the average rate of ice thinning in West Antarctica has also continued to rise, and mass losses from this sector are now 31% greater than over the period 2005–2010.",research_paper,,OpenAlex,https://openalex.org/W2070620886,https://doi.org/10.1002/2014gl060111,2014-05-16,2026-09-20 21:27:24.87415
78,"Rapid Collapse of Northern Larsen Ice Shelf, Antarctica","In January 1995, 4200 square kilometers of the northern Larsen Ice Shelf, Antarctic Peninsula, broke away. Radar images from the ERS-1 satellite, complemented by field observations, showed that the two northernmost sections of the ice shelf fractured and disintegrated almost completely within a few days. This breakup followed a period of steady retreat that coincided with a regional trend of atmospheric warming. The observations imply that after an ice shelf retreats beyond a critical limit, it may collapse rapidly as a result of perturbated mass balance.",research_paper,,OpenAlex,https://openalex.org/W2061839064,https://doi.org/10.1126/science.271.5250.788,1996-02-09,2026-09-20 21:27:24.877581
79,Accelerated Sea-Level Rise from West Antarctica,"Recent aircraft and satellite laser altimeter surveys of the Amundsen Sea sector of West Antarctica show that local glaciers are discharging about 250 cubic kilometers of ice per year to the ocean, almost 60% more than is accumulated within their catchment basins. This discharge is sufficient to raise sea level by more than 0.2 millimeters per year. Glacier thinning rates near the coast during 2002-2003 are much larger than those observed during the 1990s. Most of these glaciers flow into floating ice shelves over bedrock up to hundreds of meters deeper than previous estimates, providing exit routes for ice from further inland if ice-sheet collapse is under way.",research_paper,,OpenAlex,https://openalex.org/W2143634733,https://doi.org/10.1126/science.1099650,2004-09-24,2026-09-20 21:27:24.880692
80,The role of atmospheric rivers in anomalous snow accumulation in East Antarctica,"Abstract Recent, heavy snow accumulation events over Dronning Maud Land (DML), East Antarctica, contributed significantly to the Antarctic ice sheet surface mass balance (SMB). Here we combine in situ accumulation measurements and radar‐derived snowfall rates from Princess Elisabeth station (PE), located in the DML escarpment zone, along with the European Centre for Medium‐range Weather Forecasts Interim reanalysis to investigate moisture transport patterns responsible for these events. In particular, two high‐accumulation events in May 2009 and February 2011 showed an atmospheric river (AR) signature with enhanced integrated water vapor (IWV), concentrated in narrow long bands stretching from subtropical latitudes to the East Antarctic coast. Adapting IWV‐based AR threshold criteria for Antarctica (by accounting for the much colder and drier environment), we find that it was four and five ARs reaching the coastal DML that contributed 74–80% of the outstanding SMB during 2009 and 2011 at PE. Therefore, accounting for ARs is crucial for understanding East Antarctic SMB.",research_paper,,OpenAlex,https://openalex.org/W1998382202,https://doi.org/10.1002/2014gl060881,2014-08-15,2026-09-20 21:27:24.884232
90,Computations of the viscoelastic response of a 3-D compressible Earth to surface loading: an application to Glacial Isostatic Adjustment in Antarctica and Canada,"We develop a 3-D finite-element model to study the viscoelastic response of a compressible Earth to surface loads. The effects of centre of mass motion, polar wander feedback, and self-consistent ocean loading are implemented. To assess the model's accuracy, we benchmark the numerical results against a semi-analytic solution for spherically symmetric structure. We force our model with the ICE-5G global ice loading history to study the effects of laterally varying viscosity structure on several glacial isostatic adjustment (GIA) observables, including relative sea-level (RSL) measurements in Canada, and present-day time-variable gravity and uplift rates in Antarctica. Canadian RSL observations have been used to determine the Earth's globally averaged viscosity profile. Antarctic GPS uplift rates have been used to constrain Antarctic GIA models. And GIA time-variable gravity and uplift signals are error sources for GRACE and altimeter estimates of present-day Antarctic ice mass loss, and must be modelled and removed from those estimates. Computing GIA results for a 3-D viscosity profile derived from a realistic seismic tomography model, and comparing with results computed for 1-D averages of that 3-D profile, we conclude that: (1) a GIA viscosity model based on Canadian relative sea-level data is more likely to represent a Canadian average than a true global average; (2) the effects of 3-D viscosity structure on GRACE estimates of present-day Antarctic mass loss are probably smaller than the difference between GIA models based on different Antarctic deglaciation histories and (3) the effects of 3-D viscosity structure on Antarctic GPS observations of present-day uplift rate can be significant, and can complicate efforts to use GPS observations to constrain 1-D GIA models.",research_paper,,OpenAlex,https://openalex.org/W2022712506,https://doi.org/10.1093/gji/ggs030,2012-11-16,2026-09-20 21:27:24.916879
81,ISMIP6 Antarctica: a multi-model ensemble of the Antarctic ice sheet evolution over the 21st century,"Abstract. Ice flow models of the Antarctic ice sheet are commonly used to simulate its future evolution in response to different climate scenarios and assess the mass loss that would contribute to future sea level rise. However, there is currently no consensus on estimates of the future mass balance of the ice sheet, primarily because of differences in the representation of physical processes, forcings employed and initial states of ice sheet models. This study presents results from ice flow model simulations from 13 international groups focusing on the evolution of the Antarctic ice sheet during the period 2015–2100 as part of the Ice Sheet Model Intercomparison for CMIP6 (ISMIP6). They are forced with outputs from a subset of models from the Coupled Model Intercomparison Project Phase 5 (CMIP5), representative of the spread in climate model results. Simulations of the Antarctic ice sheet contribution to sea level rise in response to increased warming during this period varies between −7.8 and 30.0 cm of sea level equivalent (SLE) under Representative Concentration Pathway (RCP) 8.5 scenario forcing. These numbers are relative to a control experiment with constant climate conditions and should therefore be added to the mass loss contribution under climate conditions similar to present-day conditions over the same period. The simulated evolution of the West Antarctic ice sheet varies widely among models, with an overall mass loss, up to 18.0 cm SLE, in response to changes in oceanic conditions. East Antarctica mass change varies between −6.1 and 8.3 cm SLE in the simulations, with a significant increase in surface mass balance outweighing the increased ice discharge under most RCP 8.5 scenario forcings. The inclusion of ice shelf collapse, here assumed to be caused by large amounts of liquid water ponding at the surface of ice shelves, yields an additional simulated mass loss of 28 mm compared to simulations without ice shelf collapse. The largest sources of uncertainty come from the climate forcing, the ocean-induced melt rates, the calibration of these melt rates based on oceanic conditions taken outside of ice shelf cavities and the ice sheet dynamic response to these oceanic changes. Results under RCP 2.6 scenario based on two CMIP5 climate models show an additional mass loss of 0 and 3 cm of SLE on average compared to simulations done under present-day conditions for the two CMIP5 forcings used and display limited mass gain in East Antarctica.",research_paper,,OpenAlex,https://openalex.org/W3002630673,https://doi.org/10.5194/tc-14-3033-2020,2020-09-17,2026-09-20 21:27:24.887848
82,Cenozoic motion between East and West Antarctica,,research_paper,,OpenAlex,https://openalex.org/W2044612552,https://doi.org/10.1038/35004501,2000-03-01,2026-09-20 21:27:24.891475
83,Mid-Miocene cooling and the extinction of tundra in continental Antarctica,"A major obstacle in understanding the evolution of Cenozoic climate has been the lack of well dated terrestrial evidence from high-latitude, glaciated regions. Here, we report the discovery of exceptionally well preserved fossils of lacustrine and terrestrial organisms from the McMurdo Dry Valleys sector of the Transantarctic Mountains for which we have established a precise radiometric chronology. The fossils, which include diatoms, palynomorphs, mosses, ostracodes, and insects, represent the last vestige of a tundra community that inhabited the mountains before stepped cooling that first brought a full polar climate to Antarctica. Paleoecological analyses, (40)Ar/(39)Ar analyses of associated ash fall, and climate inferences from glaciological modeling together suggest that mean summer temperatures in the region cooled by at least 8 degrees C between 14.07 +/- 0.05 Ma and 13.85 +/- 0.03 Ma. These results provide novel constraints for the timing and amplitude of middle-Miocene cooling in Antarctica and reveal the ecological legacy of this global climate transition.",research_paper,,OpenAlex,https://openalex.org/W2034328663,https://doi.org/10.1073/pnas.0802501105,2008-08-04,2026-09-20 21:27:24.894556
84,Vascular plants as bioindicators of regional warming in Antarctica,,research_paper,,OpenAlex,https://openalex.org/W2130402299,https://doi.org/10.1007/bf00627745,1994-01-01,2026-09-20 21:27:24.897502
85,Heat Flux Distribution of Antarctica Unveiled,"Abstract Antarctica is the largest reservoir of ice on Earth. Understanding its ice sheet dynamics is crucial to unraveling past global climate change and making robust climatic and sea level predictions. Of the basic parameters that shape and control ice flow, the most poorly known is geothermal heat flux. Direct observations of heat flux are difficult to obtain in Antarctica, and until now continent‐wide heat flux maps have only been derived from low‐resolution satellite magnetic and seismological data. We present a high‐resolution heat flux map and associated uncertainty derived from spectral analysis of the most advanced continental compilation of airborne magnetic data. Small‐scale spatial variability and features consistent with known geology are better reproduced than in previous models, between 36% and 50%. Our high‐resolution heat flux map and its uncertainty distribution provide an important new boundary condition to be used in studies on future subglacial hydrology, ice sheet dynamics, and sea level change.",research_paper,,OpenAlex,https://openalex.org/W2768051969,https://doi.org/10.1002/2017gl075609,2017-11-06,2026-09-20 21:27:24.900555
86,"Northern Hemisphere forcing of climatic cycles in Antarctica over the past 360,000 years",,research_paper,,OpenAlex,https://openalex.org/W2150213112,https://doi.org/10.1038/nature06015,2007-08-01,2026-09-20 21:27:24.903614
87,The far reach of ice-shelf thinning in Antarctica,,research_paper,,OpenAlex,https://openalex.org/W2774886872,https://doi.org/10.1038/s41558-017-0020-x,2017-12-08,2026-09-20 21:27:24.907111
88,On the Glacial History of Antarctica,"Abstract The Antarctic Ice Sheet responds quickly to regime changes, and time lags in its fluctuations are relatively small. During the Pleistocene glacial stages of the Northern Hemisphere, world-wide temperature reductions reduced the plasticity of the ice sheet and made it thicker. The amount of thickening depended on the conditions at the ice base but it was small, for mechanical and thermal reasons. Also, during the northern stages, accumulation over Antarctica was probably less than now, but this too had little effect on the thickness of the ice sheet. The mass budget of the ice sheet alone, without the ice shelves, probably remained strongly positive; the ice sheet probably existed throughout the Pleistocene and is unlikely to disappear in the future. The area of the ice sheet is determined chiefly by the elevation of the “grounding line”, where the peripheral ice cliffs and ice shelves begin to float. During the northern stages, world-wide lowerings of sea-level displaced the grounding line downwards and northwards, and allowed the ice sheet to advance by amounts which account for nearly all the evidence for previous greater glaciations. In summary, the glacial history of most ice-free areas is governed not so much by climatic as by sea-level changes. Therefore, Antarctic glacial fluctuations were dependent on and in phase with those of the Northern Hemisphere. The field evidence from Antarctica has little bearing on the ultimate causes of glacial fluctuations, which might however be determined by field work on the planet Mars.",research_paper,,OpenAlex,https://openalex.org/W69156291,https://doi.org/10.1017/s0022143000027386,1962-01-01,2026-09-20 21:27:24.910472
89,"Geomicrobiology of Subglacial Ice Above Lake Vostok, Antarctica","Data from ice 3590 meters below Vostok Station indicate that the ice was accreted from liquid water associated with Lake Vostok. Microbes were observed at concentrations ranging from 2.8 x 10(3) to 3.6 x 10(4) cells per milliliter; no biological incorporation of selected organic substrates or bicarbonate was detected. Bacterial 16S ribosomal DNA genes revealed low diversity in the gene population. The phylotypes were closely related to extant members of the alpha- and beta-Proteobacteria and the Actinomycetes. Extrapolation of the data from accretion ice to Lake Vostok implies that Lake Vostok may support a microbial population, despite more than 10(6) years of isolation from the atmosphere.",research_paper,,OpenAlex,https://openalex.org/W2122206933,https://doi.org/10.1126/science.286.5447.2141,1999-12-10,2026-09-20 21:27:24.913559
91,Meltwater Pulse 1A from Antarctica as a Trigger of the Bølling-Allerød Warm Interval,"Meltwater pulse 1A (mwp-1A) was a prominent feature of the last deglaciation, which led to a sea-level rise of approximately 20 meters in less than 500 years. Concurrent with mwp-1A was the onset of the Bølling-Allerød interstadial event (14,600 years before the present), which marked the termination of the last glacial period. Previous studies have been unable to reconcile a warm Northern Hemisphere with mwp-1A originating from the Laurentide or Fennoscandian ice sheets. With the use of a climate model of intermediate complexity, we demonstrate that with mwp-1A originating from the Antarctic Ice Sheet, consistent with recent sea-level fingerprinting inferences, the strength of North Atlantic Deep Water (NADW) formation increases, thereby warming the North Atlantic region and providing an explanation for the onset of the Bølling-Allerød warm interval. The established mode of active NADW formation is then able to respond to subsequent freshwater forcing from the Laurentide and Fennoscandian ice sheets, setting the stage for the Younger Dryas cold period.",research_paper,,OpenAlex,https://openalex.org/W2005536752,https://doi.org/10.1126/science.1081002,2003-03-13,2026-09-20 21:27:27.083695
92,Preservation of Miocene glacier ice in East Antarctica,,research_paper,,OpenAlex,https://openalex.org/W2017289858,https://doi.org/10.1038/376412a0,1995-08-01,2026-09-20 21:27:27.092807
93,Proceedings of the Colloquium on Conservation Problems in Antarctica,,research_paper,,OpenAlex,https://openalex.org/W2992765479,,1972-01-01,2026-09-20 21:27:27.096456
94,Tropospheric clouds in Antarctica,"Compared to other regions, little is known about clouds in Antarctica. This arises in part from the challenging deployment of instrumentation in this remote and harsh environment and from the limitations of traditional satellite passive remote sensing over the polar regions. Yet clouds have a critical influence on the ice sheet's radiation budget and its surface mass balance. The extremely low temperatures, absolute humidity levels, and aerosol concentrations found in Antarctica create unique conditions for cloud formation that greatly differ from those encountered in other regions, including the Arctic. During the first decade of the 21st century, new results from field studies, the advent of cloud observations from spaceborne active sensors, and improvements in cloud parameterizations in numerical models have contributed to significant advances in our understanding of Antarctic clouds. This review covers four main topics: (1) observational methods and instruments, (2) the seasonal and interannual variability of cloud amounts, (3) the microphysical properties of clouds and aerosols, and (4) cloud representation in global and regional numerical models. Aside from a synthesis of the existing literature, novel insights are also presented. A new climatology of clouds over Antarctica and the Southern Ocean is derived from combined measurements of the CloudSat and Cloud‐Aerosol Lidar and Infrared Pathfinder Satellite Observation (CALIPSO) satellites. This climatology is used to assess the forecast cloud amounts in 20th century global climate model simulations. While cloud monitoring over Antarctica from space has proved essential to the recent advances, the review concludes by emphasizing the need for additional in situ measurements.",research_paper,,OpenAlex,https://openalex.org/W1975534319,https://doi.org/10.1029/2011rg000363,2011-11-08,2026-09-20 21:27:27.099956
95,Grenville-age basement provinces in East Antarctica: Evidence for three separate collisional orogens,"Research Article| October 01, 2000 Grenville-age basement provinces in East Antarctica: Evidence for three separate collisional orogens I.C.W. Fitzsimons I.C.W. Fitzsimons 1Tectonics Special Research Centre, School of Applied Geology, Curtin University of Technology, GPO Box U1987, Perth, WA 6845, Australia Search for other works by this author on: GSW Google Scholar Author and Article Information I.C.W. Fitzsimons 1Tectonics Special Research Centre, School of Applied Geology, Curtin University of Technology, GPO Box U1987, Perth, WA 6845, Australia Publisher: Geological Society of America Received: 23 Mar 2000 Revision Received: 29 Jun 2000 Accepted: 14 Jul 2000 First Online: 02 Jun 2017 Online ISSN: 1943-2682 Print ISSN: 0091-7613 Geological Society of America Geology (2000) 28 (10): 879–882. https://doi.org/10.1130/0091-7613(2000)28<879:GBPIEA>2.0.CO;2 Article history Received: 23 Mar 2000 Revision Received: 29 Jun 2000 Accepted: 14 Jul 2000 First Online: 02 Jun 2017 Cite View This Citation Add to Citation Manager Share Icon Share Facebook Twitter LinkedIn Email Permissions Search Site Citation I.C.W. Fitzsimons; Grenville-age basement provinces in East Antarctica: Evidence for three separate collisional orogens. Geology 2000;; 28 (10): 879–882. doi: https://doi.org/10.1130/0091-7613(2000)28<879:GBPIEA>2.0.CO;2 Download citation file: Ris (Zotero) Refmanager EasyBib Bookends Mendeley Papers EndNote RefWorks BibTex toolbar search Search Dropdown Menu toolbar search search input Search input auto suggest filter your search All ContentBy SocietyGeology Search Advanced Search Abstract Three Grenville-age provinces can be distinguished in East Antarctica with U-Pb zircon data. The Maud, Rayner, and Wilkes provinces each have a distinctive age signature for late Mesoproterozoic–early Neoproterozoic magmatism and high-grade metamorphism and are correlated with similar rocks in the Namaqua-Natal (Africa), Eastern Ghats (India), and Albany-Fraser (Australia) provinces, respectively. These crustal segments represent three separate collisional orogens. They are separated by regions of intense late Neoproterozoic–Early Cambrian tectonism, consistent with their juxtaposition during the final assembly of Gondwana and indicating that previous models for a single, continuous, Grenville-age mobile belt around the East Antarctic coastline should be discarded. You do not have access to this content, please speak to your institutional administrator if you feel you should have access.",research_paper,,OpenAlex,https://openalex.org/W2135183977,https://doi.org/10.1130/0091-7613(2000)28<879:gbpiea>2.0.co;2,2000-01-01,2026-09-20 21:27:27.103618
96,Candida antarctica Lipase B: An Ideal Biocatalyst for the Preparation of Nitrogenated Organic Compounds,"Abstract Candida antarctica lipase B (CAL‐B) is a very effective catalyst for the production of amines and amides using different enzymatic procedures. Simplicity of use, low cost, commercial availability and recycling possibility make this lipase an ideal tool for the synthesis and resolution of a wide range of nitrogenated compounds that can be used for the production of pharmaceuticals and interesting manufactures in the industrial sector.",research_paper,,OpenAlex,https://openalex.org/W2122962387,https://doi.org/10.1002/adsc.200606057,2006-05-01,2026-09-20 21:27:27.108217
97,Lipases from Candida antarctica: Unique Biocatalysts from a Unique Origin,"The specificity of the A-lipase from Candida antarctica (CALA) has been characterized to further clarify the scope of the biocatalyst. The lipase was found to exhibit an almost uniform activity towards various straight-chained primary alcohols and carboxylic acids, only exhibiting a low activity towards very short-chained acids. More interestingly, the enzyme was found to exhibit a high activity towards a surprising diversity of sterically hindered alcohols, including both secondary and tertiary alcohols. These results indicate that CALA can have a unique applicability for the conversion of highly branched substrates where most other lipases fail to display any activity. A new, potentially highly cost-effective, immobilization technology using silica-based granulation has been applied in the immobilization of the B-lipase from the same yeast (CALB). Highly stable particles were obtained with an activity comparable to that of the commercially available immobilized preparations of this enzyme.",research_paper,,OpenAlex,https://openalex.org/W1976464947,https://doi.org/10.1021/op0200165,2002-06-27,2026-09-20 21:27:27.111818
98,Potential methane reservoirs beneath Antarctica,,research_paper,,OpenAlex,https://openalex.org/W2124375365,https://doi.org/10.1038/nature11374,2012-08-01,2026-09-20 21:27:27.115156
99,Microbiology of the Dry Valleys of Antarctica,"The dry valleys of South Victoria Land, Antarctica, together with a few other ice-free areas on the perimeter \nof the Antarctic continent, form what is generally considered to be the most extreme cold-desert region of the earth. During the past S years, we have been interested in the dry valleys as a model environment for investigating questions connected with the biological exploration \no£ Mars. The extraordinary aridity of the region, its low temperature, and its geographical isolation give it a quasimartian character, although it is to be \nunderstood that the actual martian environment is still more hostile than that of the valleys. With our associates, we have investigated the kinds, numbers, and distribution of soil microorganisms in the valleys in order to gain insight into the practical problems of searching for life in an extreme environment. Detailed results of these studies have been published by Cameron and co-workers (1-5). In this-article, we review the major findings of our own and of other groups of investigators in this region, \nespecially as they apply to martian exploration.",research_paper,,OpenAlex,https://openalex.org/W2024267192,https://doi.org/10.1126/science.176.4032.242,1972-04-21,2026-09-20 21:27:27.118457
100,"Climatological Observations and Predicted Sublimation Rates at Lake Hoare, Antarctica","In December 1985, an automated meteorological station was established at Lake Hoare in the dry valley region of Antarctica. Here, we report on the first year-round observations available for any site in Taylor Valley. This dataset augments the year-round data obtained at Lake Vanda (Wright Valley) by winter-over crews during the late 1960s and early 1970s. The mean annual solar flux at Lake Hoare was 92 W m-2 during 1986, the mean air temperature -17.3 degrees C, and the mean 3-m wind speed 3.3 m s-1. The local climate is controlled by the wind regime during the 4-month sunless winter and by seasonal and diurnal variations in the incident solar flux during the remainder of the year. Temperature increases of 20 degrees-30 degrees C are frequently observed during the winter due to strong föhn winds descending from the Polar Plateau. A model incorporating nonsteady molecular diffusion into Kolmogorov-scale eddies in the interfacial layer and similarity-theory flux-profiles in the surface sublayer, is used to determine the rate of ice sublimation from the acquired meteorological data. Despite the frequent occurrence of strong winter föhns, the bulk of the annual ablation occurs during the summer due to elevated temperatures and persistent moderate winds. The annual ablation from Lake Hoare is estimated to have been 35.0 +/- 6.3 cm for 1986.",research_paper,,OpenAlex,https://openalex.org/W2078956436,https://doi.org/10.1175/1520-0442(1988)001<0715:coapsr>2.0.co;2,1988-07-01,2026-09-20 21:27:27.123726
101,"Modelling Circumpolar Deep Water intrusions on the Amundsen Sea continental shelf, Antarctica","Results are presented from an isopycnic coordinate model of ocean circulation in the Amundsen Sea, focusing on the delivery of Circumpolar Deep Water (CDW) to the inner continental shelf around Pine Island Bay. The warmest waters to reach this region are channeled through a submarine trough, accessed via bathymetric irregularities along the shelf break. Temporal variability in the influx of CDW is related to regional wind forcing. Easterly winds over the shelf edge change to westerlies when the Amundsen Sea Low migrates west and south in winter/spring. This drives seasonal on‐shelf flow, while inter‐annual changes in the wind forcing lead to inflow variability on a decadal timescale. A modelled period of warming following low CDW influx in the late 1980's and early 1990's coincides with a period of observed thinning and acceleration of Pine Island Glacier.",research_paper,,OpenAlex,https://openalex.org/W2023512274,https://doi.org/10.1029/2008gl034939,2008-09-01,2026-09-20 21:27:27.128163
102,A large deep freshwater lake beneath the ice of central East Antarctica,,research_paper,,OpenAlex,https://openalex.org/W1999324894,https://doi.org/10.1038/381684a0,1996-06-01,2026-09-20 21:27:27.132033
103,Coping with cold: The genome of the versatile marine Antarctica bacterium Pseudoalteromonas haloplanktis TAC125,"A considerable fraction of life develops in the sea at temperatures lower than 15 degrees C. Little is known about the adaptive features selected under those conditions. We present the analysis of the genome sequence of the fast growing Antarctica bacterium Pseudoalteromonas haloplanktis TAC125. We find that it copes with the increased solubility of oxygen at low temperature by multiplying dioxygen scavenging while deleting whole pathways producing reactive oxygen species. Dioxygen-consuming lipid desaturases achieve both protection against oxygen and synthesis of lipids making the membrane fluid. A remarkable strategy for avoidance of reactive oxygen species generation is developed by P. haloplanktis, with elimination of the ubiquitous molybdopterin-dependent metabolism. The P. haloplanktis proteome reveals a concerted amino acid usage bias specific to psychrophiles, consistently appearing apt to accommodate asparagine, a residue prone to make proteins age. Adding to its originality, P. haloplanktis further differs from its marine counterparts with recruitment of a plasmid origin of replication for its second chromosome.",research_paper,,OpenAlex,https://openalex.org/W2171745213,https://doi.org/10.1101/gr.4126905,2005-09-16,2026-09-20 21:27:27.136072
104,From Antarctica to Outer Space,,research_paper,,OpenAlex,https://openalex.org/W2052646422,https://doi.org/10.1007/978-1-4612-3012-0,1991-01-01,2026-09-20 21:27:27.14053
105,"Description of a hybrid ice sheet-shelf model, and application to Antarctica","Abstract. The formulation of a 3-D ice sheet-shelf model is described. The model is designed for long-term continental-scale applications, and has been used mostly in paleoclimatic studies. It uses a hybrid combination of the scaled shallow ice and shallow shelf approximations for ice flow. Floating ice shelves and grounding-line migration are included, with parameterized ice fluxes at grounding lines that allows relatively coarse resolutions to be used. All significant components and parameterizations of the model are described in some detail. Basic results for modern Antarctica are compared with observations, and simulations over the last 5 million years are compared with previously published results. The sensitivity of ice volumes during the last deglaciation to basal sliding coefficients is discussed.",research_paper,,OpenAlex,https://openalex.org/W1968247562,https://doi.org/10.5194/gmd-5-1273-2012,2012-10-17,2026-09-20 21:27:27.144567
106,"The Marine Ecology of Birds in the Ross Sea, Antarctica","David G. Ainley, Edmund F. O'Connor, Robert J. Boekelheide, The Marine Ecology of Birds in the Ross Sea, Antarctica, Ornithological Monographs, No. 32, The Marine Ecology of Birds in the Ross Sea, Antarctica (1984), pp. iii-x, 1-97",research_paper,,OpenAlex,https://openalex.org/W1974264119,https://doi.org/10.2307/40166773,1984-01-01,2026-09-20 21:27:27.148257
107,"Snow in the McMurdo Dry Valleys, Antarctica","Abstract Snowfall was measured at 11 sites in the McMurdo Dry Valleys to determine its magnitude, its temporal changes, and spatial patterns. Annual values ranged from 3 to 50 mm water equivalent with the highest values nearest the coast and decreasing inland. A particularly strong spatial gradient exists in Taylor Valley, probably resulting from local uplift conditions at the coastal margin and valley topography that limits migration inland. More snow occurs in winter near the coast, whereas inland no seasonal pattern is discernable. This may be due, again, to local uplift conditions, which are common in winter. We find no influence of the distance to the sea ice edge. Katabatic winds play an important role in transporting snow to the valley bottoms and essentially double the precipitation. That much of the snow accumulation sublimates prior to making a hydrologic contribution underscores the notion that the McMurdo Dry Valleys are indeed an extreme polar desert. Copyright © 2009 Royal Meteorological Society",research_paper,,OpenAlex,https://openalex.org/W2002311269,https://doi.org/10.1002/joc.1933,2009-05-07,2026-09-20 21:27:27.15237
108,Crystallographic and molecular-modeling studies of lipase B from Candida antarctica reveal a stereospecificity pocket for secondary alcohols,"Many lipases are potent catalysts of stereoselective reactions and are therefore of interest for use in chemical synthesis. The crystal structures of lipases show a large variation in the shapes of their active site environments that may explain the large variation in substrate specificity of these enzymes. We have determined the three-dimensional structure of Candida antarctica lipase B (CALB) cocrystallized with the detergent Tween 80. In another crystal form, the structure of the enzyme in complex with a covalently bound phosphonate inhibitor has been determined. In both structures, the active site is exposed to the external solvent. The potential lid-forming helix alpha 5 in CALB is well-ordered in the Tween 80 structure and disordered in the inhibitor complex. The tetrahedral intermediates of two chiral substrates have been modeled on the basis of available structural and biochemical information. The results of this study provide a structural explanation for the high stereoselectivity of CALB toward many secondary alcohols.",research_paper,,OpenAlex,https://openalex.org/W2116499195,https://doi.org/10.1021/bi00051a035,1995-12-01,2026-09-20 21:27:27.158568
109,Holocene Climate Variability in Antarctica Based on 11 Ice-Core Isotopic Records,"A comparison is made of the Holocene records obtained from water isotope measurements along 11 ice cores from coastal and central sites in east Antarctica (Vostok, Dome B, Plateau Remote, Komsomolskaia, Dome C, Taylor Dome, Dominion Range, D47, KM105, and Law Dome) and west Antarctica (Byrd), with temporal resolution from 20 to 50 yr. The long-term trends possibly reflect local ice sheet elevation fluctuations superimposed on common climatic fluctuations. All the records confirm the widespread Antarctic early Holocene optimum between 11,500 and 9000 yr; in the Ross Sea sector, a secondary optimum is identified between 7000 and 5000 yr, whereas all eastern Antarctic sites show a late optimum between 6000 and 3000 yr. Superimposed on the long time trend, all the records exhibit 9 aperiodic millennial-scale oscillations. Climatic optima show a reduced pacing between warm events (typically 800 yr), whereas cooler periods are associated with less-frequent warm events (pacing >1200 yr).",research_paper,,OpenAlex,https://openalex.org/W2082051726,https://doi.org/10.1006/qres.2000.2172,2000-11-01,2026-09-20 21:27:27.162809
110,Transfer of chlorinated biphenyls to Antarctica,,research_paper,,OpenAlex,https://openalex.org/W1974025590,https://doi.org/10.1038/264738a0,1976-12-01,2026-09-20 21:27:27.166816
